peptide,label
CAAAGSQGNLIFXXXXXXXXXXXXXCASSSRSSYEQYFXXXXXXXXXXXX,0
CACAGSQGNLIFXXXXXXXXXXXXXCASSSRSSYEQYFXXXXXXXXXXXX,0
CADAGSQGNLIFXXXXXXXXXXXXXCASSSRSSYEQYFXXXXXXXXXXXX,0
CAEAGSQGNLIFXXXXXXXXXXXXXCASSSRSSYEQYFXXXXXXXXXXXX,0
CAFAGSQGNLIFXXXXXXXXXXXXXCASSSRSSYEQYFXXXXXXXXXXXX,0
CAGAGSQGNLIFXXXXXXXXXXXXXCASSSRSSYEQYFXXXXXXXXXXXX,1
CAHAGSQGNLIFXXXXXXXXXXXXXCASSSRSSYEQYFXXXXXXXXXXXX,0
CAIAGSQGNLIFXXXXXXXXXXXXXCASSSRSSYEQYFXXXXXXXXXXXX,0
CAKAGSQGNLIFXXXXXXXXXXXXXCASSSRSSYEQYFXXXXXXXXXXXX,0
CALAGSQGNLIFXXXXXXXXXXXXXCASSSRSSYEQYFXXXXXXXXXXXX,0
CAMAGSQGNLIFXXXXXXXXXXXXXCASSSRSSYEQYFXXXXXXXXXXXX,0
CANAGSQGNLIFXXXXXXXXXXXXXCASSSRSSYEQYFXXXXXXXXXXXX,0
CAPAGSQGNLIFXXXXXXXXXXXXXCASSSRSSYEQYFXXXXXXXXXXXX,0
CAQAGSQGNLIFXXXXXXXXXXXXXCASSSRSSYEQYFXXXXXXXXXXXX,0
CARAGSQGNLIFXXXXXXXXXXXXXCASSSRSSYEQYFXXXXXXXXXXXX,0
CASAGSQGNLIFXXXXXXXXXXXXXCASSSRSSYEQYFXXXXXXXXXXXX,0
CATAGSQGNLIFXXXXXXXXXXXXXCASSSRSSYEQYFXXXXXXXXXXXX,0
CAVAGSQGNLIFXXXXXXXXXXXXXCASSSRSSYEQYFXXXXXXXXXXXX,0
CAWAGSQGNLIFXXXXXXXXXXXXXCASSSRSSYEQYFXXXXXXXXXXXX,0
CAYAGSQGNLIFXXXXXXXXXXXXXCASSSRSSYEQYFXXXXXXXXXXXX,0
CAGAGSQGNLIFXXXXXXXXXXXXXCASSSRSSYEQYFXXXXXXXXXXXX,1
CAGCGSQGNLIFXXXXXXXXXXXXXCASSSRSSYEQYFXXXXXXXXXXXX,0
CAGDGSQGNLIFXXXXXXXXXXXXXCASSSRSSYEQYFXXXXXXXXXXXX,0
CAGEGSQGNLIFXXXXXXXXXXXXXCASSSRSSYEQYFXXXXXXXXXXXX,0
CAGFGSQGNLIFXXXXXXXXXXXXXCASSSRSSYEQYFXXXXXXXXXXXX,0
CAGGGSQGNLIFXXXXXXXXXXXXXCASSSRSSYEQYFXXXXXXXXXXXX,0
CAGIGSQGNLIFXXXXXXXXXXXXXCASSSRSSYEQYFXXXXXXXXXXXX,0
CAGKGSQGNLIFXXXXXXXXXXXXXCASSSRSSYEQYFXXXXXXXXXXXX,0
CAGLGSQGNLIFXXXXXXXXXXXXXCASSSRSSYEQYFXXXXXXXXXXXX,0
CAGNGSQGNLIFXXXXXXXXXXXXXCASSSRSSYEQYFXXXXXXXXXXXX,0
CAGPGSQGNLIFXXXXXXXXXXXXXCASSSRSSYEQYFXXXXXXXXXXXX,0
CAGRGSQGNLIFXXXXXXXXXXXXXCASSSRSSYEQYFXXXXXXXXXXXX,0
CAGSGSQGNLIFXXXXXXXXXXXXXCASSSRSSYEQYFXXXXXXXXXXXX,0
CAGTGSQGNLIFXXXXXXXXXXXXXCASSSRSSYEQYFXXXXXXXXXXXX,0
CAGVGSQGNLIFXXXXXXXXXXXXXCASSSRSSYEQYFXXXXXXXXXXXX,0
CAGWGSQGNLIFXXXXXXXXXXXXXCASSSRSSYEQYFXXXXXXXXXXXX,0
CAGYGSQGNLIFXXXXXXXXXXXXXCASSSRSSYEQYFXXXXXXXXXXXX,0
CAGAASQGNLIFXXXXXXXXXXXXXCASSSRSSYEQYFXXXXXXXXXXXX,0
CAGACSQGNLIFXXXXXXXXXXXXXCASSSRSSYEQYFXXXXXXXXXXXX,0
CAGADSQGNLIFXXXXXXXXXXXXXCASSSRSSYEQYFXXXXXXXXXXXX,0
CAGAESQGNLIFXXXXXXXXXXXXXCASSSRSSYEQYFXXXXXXXXXXXX,0
CAGAFSQGNLIFXXXXXXXXXXXXXCASSSRSSYEQYFXXXXXXXXXXXX,0
CAGAGSQGNLIFXXXXXXXXXXXXXCASSSRSSYEQYFXXXXXXXXXXXX,1
CAGAHSQGNLIFXXXXXXXXXXXXXCASSSRSSYEQYFXXXXXXXXXXXX,0
CAGAISQGNLIFXXXXXXXXXXXXXCASSSRSSYEQYFXXXXXXXXXXXX,0
CAGAKSQGNLIFXXXXXXXXXXXXXCASSSRSSYEQYFXXXXXXXXXXXX,0
CAGALSQGNLIFXXXXXXXXXXXXXCASSSRSSYEQYFXXXXXXXXXXXX,0
CAGAMSQGNLIFXXXXXXXXXXXXXCASSSRSSYEQYFXXXXXXXXXXXX,0
CAGANSQGNLIFXXXXXXXXXXXXXCASSSRSSYEQYFXXXXXXXXXXXX,0
CAGAPSQGNLIFXXXXXXXXXXXXXCASSSRSSYEQYFXXXXXXXXXXXX,0
CAGAQSQGNLIFXXXXXXXXXXXXXCASSSRSSYEQYFXXXXXXXXXXXX,0
CAGARSQGNLIFXXXXXXXXXXXXXCASSSRSSYEQYFXXXXXXXXXXXX,0
CAGASSQGNLIFXXXXXXXXXXXXXCASSSRSSYEQYFXXXXXXXXXXXX,0
CAGATSQGNLIFXXXXXXXXXXXXXCASSSRSSYEQYFXXXXXXXXXXXX,0
CAGAVSQGNLIFXXXXXXXXXXXXXCASSSRSSYEQYFXXXXXXXXXXXX,0
CAGAWSQGNLIFXXXXXXXXXXXXXCASSSRSSYEQYFXXXXXXXXXXXX,0
CAGAYSQGNLIFXXXXXXXXXXXXXCASSSRSSYEQYFXXXXXXXXXXXX,0
CAGAGAQGNLIFXXXXXXXXXXXXXCASSSRSSYEQYFXXXXXXXXXXXX,0
CAGAGCQGNLIFXXXXXXXXXXXXXCASSSRSSYEQYFXXXXXXXXXXXX,0
CAGAGDQGNLIFXXXXXXXXXXXXXCASSSRSSYEQYFXXXXXXXXXXXX,0
CAGAGEQGNLIFXXXXXXXXXXXXXCASSSRSSYEQYFXXXXXXXXXXXX,0
CAGAGFQGNLIFXXXXXXXXXXXXXCASSSRSSYEQYFXXXXXXXXXXXX,0
CAGAGGQGNLIFXXXXXXXXXXXXXCASSSRSSYEQYFXXXXXXXXXXXX,0
CAGAGHQGNLIFXXXXXXXXXXXXXCASSSRSSYEQYFXXXXXXXXXXXX,0
CAGAGIQGNLIFXXXXXXXXXXXXXCASSSRSSYEQYFXXXXXXXXXXXX,0
CAGAGKQGNLIFXXXXXXXXXXXXXCASSSRSSYEQYFXXXXXXXXXXXX,0
CAGAGLQGNLIFXXXXXXXXXXXXXCASSSRSSYEQYFXXXXXXXXXXXX,0
CAGAGMQGNLIFXXXXXXXXXXXXXCASSSRSSYEQYFXXXXXXXXXXXX,0
CAGAGNQGNLIFXXXXXXXXXXXXXCASSSRSSYEQYFXXXXXXXXXXXX,0
CAGAGPQGNLIFXXXXXXXXXXXXXCASSSRSSYEQYFXXXXXXXXXXXX,0
CAGAGQQGNLIFXXXXXXXXXXXXXCASSSRSSYEQYFXXXXXXXXXXXX,0
CAGAGRQGNLIFXXXXXXXXXXXXXCASSSRSSYEQYFXXXXXXXXXXXX,0
CAGAGSQGNLIFXXXXXXXXXXXXXCASSSRSSYEQYFXXXXXXXXXXXX,1
CAGAGTQGNLIFXXXXXXXXXXXXXCASSSRSSYEQYFXXXXXXXXXXXX,0
CAGAGVQGNLIFXXXXXXXXXXXXXCASSSRSSYEQYFXXXXXXXXXXXX,0
CAGAGWQGNLIFXXXXXXXXXXXXXCASSSRSSYEQYFXXXXXXXXXXXX,0
CAGAGYQGNLIFXXXXXXXXXXXXXCASSSRSSYEQYFXXXXXXXXXXXX,0
CAGAGSAGNLIFXXXXXXXXXXXXXCASSSRSSYEQYFXXXXXXXXXXXX,0
CAGAGSCGNLIFXXXXXXXXXXXXXCASSSRSSYEQYFXXXXXXXXXXXX,0
CAGAGSDGNLIFXXXXXXXXXXXXXCASSSRSSYEQYFXXXXXXXXXXXX,0
CAGAGSEGNLIFXXXXXXXXXXXXXCASSSRSSYEQYFXXXXXXXXXXXX,0
CAGAGSFGNLIFXXXXXXXXXXXXXCASSSRSSYEQYFXXXXXXXXXXXX,0
CAGAGSGGNLIFXXXXXXXXXXXXXCASSSRSSYEQYFXXXXXXXXXXXX,0
CAGAGSHGNLIFXXXXXXXXXXXXXCASSSRSSYEQYFXXXXXXXXXXXX,0
CAGAGSIGNLIFXXXXXXXXXXXXXCASSSRSSYEQYFXXXXXXXXXXXX,0
CAGAGSKGNLIFXXXXXXXXXXXXXCASSSRSSYEQYFXXXXXXXXXXXX,0
CAGAGSLGNLIFXXXXXXXXXXXXXCASSSRSSYEQYFXXXXXXXXXXXX,0
CAGAGSMGNLIFXXXXXXXXXXXXXCASSSRSSYEQYFXXXXXXXXXXXX,0
CAGAGSNGNLIFXXXXXXXXXXXXXCASSSRSSYEQYFXXXXXXXXXXXX,0
CAGAGSPGNLIFXXXXXXXXXXXXXCASSSRSSYEQYFXXXXXXXXXXXX,0
CAGAGSQGNLIFXXXXXXXXXXXXXCASSSRSSYEQYFXXXXXXXXXXXX,1
CAGAGSRGNLIFXXXXXXXXXXXXXCASSSRSSYEQYFXXXXXXXXXXXX,0
CAGAGSSGNLIFXXXXXXXXXXXXXCASSSRSSYEQYFXXXXXXXXXXXX,0
CAGAGSTGNLIFXXXXXXXXXXXXXCASSSRSSYEQYFXXXXXXXXXXXX,0
CAGAGSVGNLIFXXXXXXXXXXXXXCASSSRSSYEQYFXXXXXXXXXXXX,0
CAGAGSWGNLIFXXXXXXXXXXXXXCASSSRSSYEQYFXXXXXXXXXXXX,0
CAGAGSYGNLIFXXXXXXXXXXXXXCASSSRSSYEQYFXXXXXXXXXXXX,0
CAGAGSQANLIFXXXXXXXXXXXXXCASSSRSSYEQYFXXXXXXXXXXXX,0
CAGAGSQCNLIFXXXXXXXXXXXXXCASSSRSSYEQYFXXXXXXXXXXXX,0
CAGAGSQDNLIFXXXXXXXXXXXXXCASSSRSSYEQYFXXXXXXXXXXXX,0
CAGAGSQENLIFXXXXXXXXXXXXXCASSSRSSYEQYFXXXXXXXXXXXX,0
CAGAGSQFNLIFXXXXXXXXXXXXXCASSSRSSYEQYFXXXXXXXXXXXX,0
CAGAGSQGNLIFXXXXXXXXXXXXXCASSSRSSYEQYFXXXXXXXXXXXX,1
CAGAGSQHNLIFXXXXXXXXXXXXXCASSSRSSYEQYFXXXXXXXXXXXX,0
CAGAGSQINLIFXXXXXXXXXXXXXCASSSRSSYEQYFXXXXXXXXXXXX,0
CAGAGSQKNLIFXXXXXXXXXXXXXCASSSRSSYEQYFXXXXXXXXXXXX,0
CAGAGSQLNLIFXXXXXXXXXXXXXCASSSRSSYEQYFXXXXXXXXXXXX,0
CAGAGSQMNLIFXXXXXXXXXXXXXCASSSRSSYEQYFXXXXXXXXXXXX,0
CAGAGSQNNLIFXXXXXXXXXXXXXCASSSRSSYEQYFXXXXXXXXXXXX,0
CAGAGSQPNLIFXXXXXXXXXXXXXCASSSRSSYEQYFXXXXXXXXXXXX,0
CAGAGSQQNLIFXXXXXXXXXXXXXCASSSRSSYEQYFXXXXXXXXXXXX,0
CAGAGSQRNLIFXXXXXXXXXXXXXCASSSRSSYEQYFXXXXXXXXXXXX,0
CAGAGSQSNLIFXXXXXXXXXXXXXCASSSRSSYEQYFXXXXXXXXXXXX,0
CAGAGSQTNLIFXXXXXXXXXXXXXCASSSRSSYEQYFXXXXXXXXXXXX,0
CAGAGSQVNLIFXXXXXXXXXXXXXCASSSRSSYEQYFXXXXXXXXXXXX,0
CAGAGSQWNLIFXXXXXXXXXXXXXCASSSRSSYEQYFXXXXXXXXXXXX,0
CAGAGSQYNLIFXXXXXXXXXXXXXCASSSRSSYEQYFXXXXXXXXXXXX,0
CAGAGSQGALIFXXXXXXXXXXXXXCASSSRSSYEQYFXXXXXXXXXXXX,0
CAGAGSQGCLIFXXXXXXXXXXXXXCASSSRSSYEQYFXXXXXXXXXXXX,0
CAGAGSQGDLIFXXXXXXXXXXXXXCASSSRSSYEQYFXXXXXXXXXXXX,0
CAGAGSQGELIFXXXXXXXXXXXXXCASSSRSSYEQYFXXXXXXXXXXXX,0
CAGAGSQGFLIFXXXXXXXXXXXXXCASSSRSSYEQYFXXXXXXXXXXXX,0
CAGAGSQGGLIFXXXXXXXXXXXXXCASSSRSSYEQYFXXXXXXXXXXXX,0
CAGAGSQGHLIFXXXXXXXXXXXXXCASSSRSSYEQYFXXXXXXXXXXXX,0
CAGAGSQGILIFXXXXXXXXXXXXXCASSSRSSYEQYFXXXXXXXXXXXX,0
CAGAGSQGKLIFXXXXXXXXXXXXXCASSSRSSYEQYFXXXXXXXXXXXX,0
CAGAGSQGLLIFXXXXXXXXXXXXXCASSSRSSYEQYFXXXXXXXXXXXX,0
CAGAGSQGMLIFXXXXXXXXXXXXXCASSSRSSYEQYFXXXXXXXXXXXX,0
CAGAGSQGNLIFXXXXXXXXXXXXXCASSSRSSYEQYFXXXXXXXXXXXX,1
CAGAGSQGPLIFXXXXXXXXXXXXXCASSSRSSYEQYFXXXXXXXXXXXX,0
CAGAGSQGQLIFXXXXXXXXXXXXXCASSSRSSYEQYFXXXXXXXXXXXX,0
CAGAGSQGRLIFXXXXXXXXXXXXXCASSSRSSYEQYFXXXXXXXXXXXX,0
CAGAGSQGSLIFXXXXXXXXXXXXXCASSSRSSYEQYFXXXXXXXXXXXX,0
CAGAGSQGTLIFXXXXXXXXXXXXXCASSSRSSYEQYFXXXXXXXXXXXX,1
CAGAGSQGVLIFXXXXXXXXXXXXXCASSSRSSYEQYFXXXXXXXXXXXX,0
CAGAGSQGWLIFXXXXXXXXXXXXXCASSSRSSYEQYFXXXXXXXXXXXX,0
CAGAGSQGYLIFXXXXXXXXXXXXXCASSSRSSYEQYFXXXXXXXXXXXX,0
CAGAGSQGNAIFXXXXXXXXXXXXXCASSSRSSYEQYFXXXXXXXXXXXX,0
CAGAGSQGNCIFXXXXXXXXXXXXXCASSSRSSYEQYFXXXXXXXXXXXX,0
CAGAGSQGNDIFXXXXXXXXXXXXXCASSSRSSYEQYFXXXXXXXXXXXX,0
CAGAGSQGNEIFXXXXXXXXXXXXXCASSSRSSYEQYFXXXXXXXXXXXX,0
CAGAGSQGNFIFXXXXXXXXXXXXXCASSSRSSYEQYFXXXXXXXXXXXX,0
CAGAGSQGNGIFXXXXXXXXXXXXXCASSSRSSYEQYFXXXXXXXXXXXX,0
CAGAGSQGNHIFXXXXXXXXXXXXXCASSSRSSYEQYFXXXXXXXXXXXX,0
CAGAGSQGNIIFXXXXXXXXXXXXXCASSSRSSYEQYFXXXXXXXXXXXX,0
CAGAGSQGNKIFXXXXXXXXXXXXXCASSSRSSYEQYFXXXXXXXXXXXX,0
CAGAGSQGNLIFXXXXXXXXXXXXXCASSSRSSYEQYFXXXXXXXXXXXX,1
CAGAGSQGNMIFXXXXXXXXXXXXXCASSSRSSYEQYFXXXXXXXXXXXX,0
CAGAGSQGNNIFXXXXXXXXXXXXXCASSSRSSYEQYFXXXXXXXXXXXX,0
CAGAGSQGNPIFXXXXXXXXXXXXXCASSSRSSYEQYFXXXXXXXXXXXX,0
CAGAGSQGNQIFXXXXXXXXXXXXXCASSSRSSYEQYFXXXXXXXXXXXX,0
CAGAGSQGNRIFXXXXXXXXXXXXXCASSSRSSYEQYFXXXXXXXXXXXX,0
CAGAGSQGNSIFXXXXXXXXXXXXXCASSSRSSYEQYFXXXXXXXXXXXX,0
CAGAGSQGNTIFXXXXXXXXXXXXXCASSSRSSYEQYFXXXXXXXXXXXX,0
CAGAGSQGNVIFXXXXXXXXXXXXXCASSSRSSYEQYFXXXXXXXXXXXX,0
CAGAGSQGNWIFXXXXXXXXXXXXXCASSSRSSYEQYFXXXXXXXXXXXX,0
CAGAGSQGNYIFXXXXXXXXXXXXXCASSSRSSYEQYFXXXXXXXXXXXX,0
CAGAGSQGNLAFXXXXXXXXXXXXXCASSSRSSYEQYFXXXXXXXXXXXX,0
CAGAGSQGNLCFXXXXXXXXXXXXXCASSSRSSYEQYFXXXXXXXXXXXX,0
CAGAGSQGNLDFXXXXXXXXXXXXXCASSSRSSYEQYFXXXXXXXXXXXX,0
CAGAGSQGNLEFXXXXXXXXXXXXXCASSSRSSYEQYFXXXXXXXXXXXX,0
CAGAGSQGNLFFXXXXXXXXXXXXXCASSSRSSYEQYFXXXXXXXXXXXX,0
CAGAGSQGNLGFXXXXXXXXXXXXXCASSSRSSYEQYFXXXXXXXXXXXX,0
CAGAGSQGNLHFXXXXXXXXXXXXXCASSSRSSYEQYFXXXXXXXXXXXX,0
CAGAGSQGNLIFXXXXXXXXXXXXXCASSSRSSYEQYFXXXXXXXXXXXX,1
CAGAGSQGNLKFXXXXXXXXXXXXXCASSSRSSYEQYFXXXXXXXXXXXX,0
CAGAGSQGNLLFXXXXXXXXXXXXXCASSSRSSYEQYFXXXXXXXXXXXX,0
CAGAGSQGNLMFXXXXXXXXXXXXXCASSSRSSYEQYFXXXXXXXXXXXX,0
CAGAGSQGNLNFXXXXXXXXXXXXXCASSSRSSYEQYFXXXXXXXXXXXX,0
CAGAGSQGNLPFXXXXXXXXXXXXXCASSSRSSYEQYFXXXXXXXXXXXX,0
CAGAGSQGNLQFXXXXXXXXXXXXXCASSSRSSYEQYFXXXXXXXXXXXX,0
CAGAGSQGNLRFXXXXXXXXXXXXXCASSSRSSYEQYFXXXXXXXXXXXX,0
CAGAGSQGNLSFXXXXXXXXXXXXXCASSSRSSYEQYFXXXXXXXXXXXX,0
CAGAGSQGNLTFXXXXXXXXXXXXXCASSSRSSYEQYFXXXXXXXXXXXX,0
CAGAGSQGNLVFXXXXXXXXXXXXXCASSSRSSYEQYFXXXXXXXXXXXX,0
CAGAGSQGNLWFXXXXXXXXXXXXXCASSSRSSYEQYFXXXXXXXXXXXX,0
CAGAGSQGNLYFXXXXXXXXXXXXXCASSSRSSYEQYFXXXXXXXXXXXX,0
CAGAGSQGNLIFXXXXXXXXXXXXXCASSARSSYEQYFXXXXXXXXXXXX,1
CAGAGSQGNLIFXXXXXXXXXXXXXCASSCRSSYEQYFXXXXXXXXXXXX,0
CAGAGSQGNLIFXXXXXXXXXXXXXCASSDRSSYEQYFXXXXXXXXXXXX,0
CAGAGSQGNLIFXXXXXXXXXXXXXCASSERSSYEQYFXXXXXXXXXXXX,0
CAGAGSQGNLIFXXXXXXXXXXXXXCASSFRSSYEQYFXXXXXXXXXXXX,0
CAGAGSQGNLIFXXXXXXXXXXXXXCASSGRSSYEQYFXXXXXXXXXXXX,0
CAGAGSQGNLIFXXXXXXXXXXXXXCASSHRSSYEQYFXXXXXXXXXXXX,0
CAGAGSQGNLIFXXXXXXXXXXXXXCASSIRSSYEQYFXXXXXXXXXXXX,1
CAGAGSQGNLIFXXXXXXXXXXXXXCASSKRSSYEQYFXXXXXXXXXXXX,0
CAGAGSQGNLIFXXXXXXXXXXXXXCASSLRSSYEQYFXXXXXXXXXXXX,0
CAGAGSQGNLIFXXXXXXXXXXXXXCASSMRSSYEQYFXXXXXXXXXXXX,0
CAGAGSQGNLIFXXXXXXXXXXXXXCASSNRSSYEQYFXXXXXXXXXXXX,0
CAGAGSQGNLIFXXXXXXXXXXXXXCASSPRSSYEQYFXXXXXXXXXXXX,0
CAGAGSQGNLIFXXXXXXXXXXXXXCASSQRSSYEQYFXXXXXXXXXXXX,0
CAGAGSQGNLIFXXXXXXXXXXXXXCASSRRSSYEQYFXXXXXXXXXXXX,0
CAGAGSQGNLIFXXXXXXXXXXXXXCASSSRSSYEQYFXXXXXXXXXXXX,1
CAGAGSQGNLIFXXXXXXXXXXXXXCASSTRSSYEQYFXXXXXXXXXXXX,0
CAGAGSQGNLIFXXXXXXXXXXXXXCASSVRSSYEQYFXXXXXXXXXXXX,1
CAGAGSQGNLIFXXXXXXXXXXXXXCASSWRSSYEQYFXXXXXXXXXXXX,0
CAGAGSQGNLIFXXXXXXXXXXXXXCASSYRSSYEQYFXXXXXXXXXXXX,0
CAGAGSQGNLIFXXXXXXXXXXXXXCASSSASSYEQYFXXXXXXXXXXXX,0
CAGAGSQGNLIFXXXXXXXXXXXXXCASSSCSSYEQYFXXXXXXXXXXXX,0
CAGAGSQGNLIFXXXXXXXXXXXXXCASSSDSSYEQYFXXXXXXXXXXXX,0
CAGAGSQGNLIFXXXXXXXXXXXXXCASSSESSYEQYFXXXXXXXXXXXX,0
CAGAGSQGNLIFXXXXXXXXXXXXXCASSSFSSYEQYFXXXXXXXXXXXX,0
CAGAGSQGNLIFXXXXXXXXXXXXXCASSSGSSYEQYFXXXXXXXXXXXX,0
CAGAGSQGNLIFXXXXXXXXXXXXXCASSSHSSYEQYFXXXXXXXXXXXX,0
CAGAGSQGNLIFXXXXXXXXXXXXXCASSSISSYEQYFXXXXXXXXXXXX,0
CAGAGSQGNLIFXXXXXXXXXXXXXCASSSKSSYEQYFXXXXXXXXXXXX,0
CAGAGSQGNLIFXXXXXXXXXXXXXCASSSLSSYEQYFXXXXXXXXXXXX,0
CAGAGSQGNLIFXXXXXXXXXXXXXCASSSMSSYEQYFXXXXXXXXXXXX,0
CAGAGSQGNLIFXXXXXXXXXXXXXCASSSNSSYEQYFXXXXXXXXXXXX,0
CAGAGSQGNLIFXXXXXXXXXXXXXCASSSPSSYEQYFXXXXXXXXXXXX,0
CAGAGSQGNLIFXXXXXXXXXXXXXCASSSQSSYEQYFXXXXXXXXXXXX,0
CAGAGSQGNLIFXXXXXXXXXXXXXCASSSRSSYEQYFXXXXXXXXXXXX,1
CAGAGSQGNLIFXXXXXXXXXXXXXCASSSSSSYEQYFXXXXXXXXXXXX,0
CAGAGSQGNLIFXXXXXXXXXXXXXCASSSTSSYEQYFXXXXXXXXXXXX,0
CAGAGSQGNLIFXXXXXXXXXXXXXCASSSVSSYEQYFXXXXXXXXXXXX,0
CAGAGSQGNLIFXXXXXXXXXXXXXCASSSWSSYEQYFXXXXXXXXXXXX,0
CAGAGSQGNLIFXXXXXXXXXXXXXCASSSYSSYEQYFXXXXXXXXXXXX,0
CAGAGSQGNLIFXXXXXXXXXXXXXCASSSRASYEQYFXXXXXXXXXXXX,0
CAGAGSQGNLIFXXXXXXXXXXXXXCASSSRCSYEQYFXXXXXXXXXXXX,0
CAGAGSQGNLIFXXXXXXXXXXXXXCASSSRDSYEQYFXXXXXXXXXXXX,0
CAGAGSQGNLIFXXXXXXXXXXXXXCASSSRESYEQYFXXXXXXXXXXXX,0
CAGAGSQGNLIFXXXXXXXXXXXXXCASSSRFSYEQYFXXXXXXXXXXXX,0
CAGAGSQGNLIFXXXXXXXXXXXXXCASSSRGSYEQYFXXXXXXXXXXXX,0
CAGAGSQGNLIFXXXXXXXXXXXXXCASSSRHSYEQYFXXXXXXXXXXXX,0
CAGAGSQGNLIFXXXXXXXXXXXXXCASSSRISYEQYFXXXXXXXXXXXX,0
CAGAGSQGNLIFXXXXXXXXXXXXXCASSSRKSYEQYFXXXXXXXXXXXX,0
CAGAGSQGNLIFXXXXXXXXXXXXXCASSSRLSYEQYFXXXXXXXXXXXX,0
CAGAGSQGNLIFXXXXXXXXXXXXXCASSSRMSYEQYFXXXXXXXXXXXX,0
CAGAGSQGNLIFXXXXXXXXXXXXXCASSSRNSYEQYFXXXXXXXXXXXX,0
CAGAGSQGNLIFXXXXXXXXXXXXXCASSSRPSYEQYFXXXXXXXXXXXX,0
CAGAGSQGNLIFXXXXXXXXXXXXXCASSSRQSYEQYFXXXXXXXXXXXX,0
CAGAGSQGNLIFXXXXXXXXXXXXXCASSSRRSYEQYFXXXXXXXXXXXX,0
CAGAGSQGNLIFXXXXXXXXXXXXXCASSSRSSYEQYFXXXXXXXXXXXX,1
CAGAGSQGNLIFXXXXXXXXXXXXXCASSSRTSYEQYFXXXXXXXXXXXX,0
CAGAGSQGNLIFXXXXXXXXXXXXXCASSSRVSYEQYFXXXXXXXXXXXX,1
CAGAGSQGNLIFXXXXXXXXXXXXXCASSSRWSYEQYFXXXXXXXXXXXX,0
CAGAGSQGNLIFXXXXXXXXXXXXXCASSSRYSYEQYFXXXXXXXXXXXX,0
CAGAGSQGNLIFXXXXXXXXXXXXXCASSSRSAYEQYFXXXXXXXXXXXX,1
CAGAGSQGNLIFXXXXXXXXXXXXXCASSSRSCYEQYFXXXXXXXXXXXX,0
CAGAGSQGNLIFXXXXXXXXXXXXXCASSSRSDYEQYFXXXXXXXXXXXX,0
CAGAGSQGNLIFXXXXXXXXXXXXXCASSSRSEYEQYFXXXXXXXXXXXX,0
CAGAGSQGNLIFXXXXXXXXXXXXXCASSSRSFYEQYFXXXXXXXXXXXX,0
CAGAGSQGNLIFXXXXXXXXXXXXXCASSSRSGYEQYFXXXXXXXXXXXX,0
CAGAGSQGNLIFXXXXXXXXXXXXXCASSSRSHYEQYFXXXXXXXXXXXX,0
CAGAGSQGNLIFXXXXXXXXXXXXXCASSSRSIYEQYFXXXXXXXXXXXX,0
CAGAGSQGNLIFXXXXXXXXXXXXXCASSSRSKYEQYFXXXXXXXXXXXX,0
CAGAGSQGNLIFXXXXXXXXXXXXXCASSSRSLYEQYFXXXXXXXXXXXX,0
CAGAGSQGNLIFXXXXXXXXXXXXXCASSSRSMYEQYFXXXXXXXXXXXX,0
CAGAGSQGNLIFXXXXXXXXXXXXXCASSSRSNYEQYFXXXXXXXXXXXX,0
CAGAGSQGNLIFXXXXXXXXXXXXXCASSSRSPYEQYFXXXXXXXXXXXX,0
CAGAGSQGNLIFXXXXXXXXXXXXXCASSSRSQYEQYFXXXXXXXXXXXX,0
CAGAGSQGNLIFXXXXXXXXXXXXXCASSSRSRYEQYFXXXXXXXXXXXX,0
CAGAGSQGNLIFXXXXXXXXXXXXXCASSSRSSYEQYFXXXXXXXXXXXX,1
CAGAGSQGNLIFXXXXXXXXXXXXXCASSSRSTYEQYFXXXXXXXXXXXX,0
CAGAGSQGNLIFXXXXXXXXXXXXXCASSSRSVYEQYFXXXXXXXXXXXX,0
CAGAGSQGNLIFXXXXXXXXXXXXXCASSSRSWYEQYFXXXXXXXXXXXX,0
CAGAGSQGNLIFXXXXXXXXXXXXXCASSSRSYYEQYFXXXXXXXXXXXX,0
CAGAGSQGNLIFXXXXXXXXXXXXXCASSSRSSAEQYFXXXXXXXXXXXX,0
CAGAGSQGNLIFXXXXXXXXXXXXXCASSSRSSCEQYFXXXXXXXXXXXX,0
CAGAGSQGNLIFXXXXXXXXXXXXXCASSSRSSDEQYFXXXXXXXXXXXX,0
CAGAGSQGNLIFXXXXXXXXXXXXXCASSSRSSEEQYFXXXXXXXXXXXX,0
CAGAGSQGNLIFXXXXXXXXXXXXXCASSSRSSFEQYFXXXXXXXXXXXX,1
CAGAGSQGNLIFXXXXXXXXXXXXXCASSSRSSGEQYFXXXXXXXXXXXX,0
CAGAGSQGNLIFXXXXXXXXXXXXXCASSSRSSHEQYFXXXXXXXXXXXX,0
CAGAGSQGNLIFXXXXXXXXXXXXXCASSSRSSIEQYFXXXXXXXXXXXX,0
CAGAGSQGNLIFXXXXXXXXXXXXXCASSSRSSKEQYFXXXXXXXXXXXX,0
CAGAGSQGNLIFXXXXXXXXXXXXXCASSSRSSLEQYFXXXXXXXXXXXX,0
CAGAGSQGNLIFXXXXXXXXXXXXXCASSSRSSMEQYFXXXXXXXXXXXX,0
CAGAGSQGNLIFXXXXXXXXXXXXXCASSSRSSNEQYFXXXXXXXXXXXX,0
CAGAGSQGNLIFXXXXXXXXXXXXXCASSSRSSPEQYFXXXXXXXXXXXX,0
CAGAGSQGNLIFXXXXXXXXXXXXXCASSSRSSQEQYFXXXXXXXXXXXX,0
CAGAGSQGNLIFXXXXXXXXXXXXXCASSSRSSREQYFXXXXXXXXXXXX,0
CAGAGSQGNLIFXXXXXXXXXXXXXCASSSRSSSEQYFXXXXXXXXXXXX,0
CAGAGSQGNLIFXXXXXXXXXXXXXCASSSRSSTEQYFXXXXXXXXXXXX,0
CAGAGSQGNLIFXXXXXXXXXXXXXCASSSRSSVEQYFXXXXXXXXXXXX,0
CAGAGSQGNLIFXXXXXXXXXXXXXCASSSRSSWEQYFXXXXXXXXXXXX,0
CAGAGSQGNLIFXXXXXXXXXXXXXCASSSRSSYEQYFXXXXXXXXXXXX,1
CAGAGSQGNLIFXXXXXXXXXXXXXCASSSRSSYAQYFXXXXXXXXXXXX,0
CAGAGSQGNLIFXXXXXXXXXXXXXCASSSRSSYCQYFXXXXXXXXXXXX,1
CAGAGSQGNLIFXXXXXXXXXXXXXCASSSRSSYDQYFXXXXXXXXXXXX,0
CAGAGSQGNLIFXXXXXXXXXXXXXCASSSRSSYEQYFXXXXXXXXXXXX,1
CAGAGSQGNLIFXXXXXXXXXXXXXCASSSRSSYFQYFXXXXXXXXXXXX,0
CAGAGSQGNLIFXXXXXXXXXXXXXCASSSRSSYGQYFXXXXXXXXXXXX,0
CAGAGSQGNLIFXXXXXXXXXXXXXCASSSRSSYHQYFXXXXXXXXXXXX,0
CAGAGSQGNLIFXXXXXXXXXXXXXCASSSRSSYIQYFXXXXXXXXXXXX,0
CAGAGSQGNLIFXXXXXXXXXXXXXCASSSRSSYKQYFXXXXXXXXXXXX,0
CAGAGSQGNLIFXXXXXXXXXXXXXCASSSRSSYLQYFXXXXXXXXXXXX,0
CAGAGSQGNLIFXXXXXXXXXXXXXCASSSRSSYMQYFXXXXXXXXXXXX,0
CAGAGSQGNLIFXXXXXXXXXXXXXCASSSRSSYNQYFXXXXXXXXXXXX,0
CAGAGSQGNLIFXXXXXXXXXXXXXCASSSRSSYPQYFXXXXXXXXXXXX,0
CAGAGSQGNLIFXXXXXXXXXXXXXCASSSRSSYQQYFXXXXXXXXXXXX,0
CAGAGSQGNLIFXXXXXXXXXXXXXCASSSRSSYRQYFXXXXXXXXXXXX,0
CAGAGSQGNLIFXXXXXXXXXXXXXCASSSRSSYSQYFXXXXXXXXXXXX,0
CAGAGSQGNLIFXXXXXXXXXXXXXCASSSRSSYTQYFXXXXXXXXXXXX,0
CAGAGSQGNLIFXXXXXXXXXXXXXCASSSRSSYVQYFXXXXXXXXXXXX,0
CAGAGSQGNLIFXXXXXXXXXXXXXCASSSRSSYWQYFXXXXXXXXXXXX,1
CAGAGSQGNLIFXXXXXXXXXXXXXCASSSRSSYYQYFXXXXXXXXXXXX,0
CAGAGSQGNLIFXXXXXXXXXXXXXCASSSRSSYEAYFXXXXXXXXXXXX,0
CAGAGSQGNLIFXXXXXXXXXXXXXCASSSRSSYECYFXXXXXXXXXXXX,0
CAGAGSQGNLIFXXXXXXXXXXXXXCASSSRSSYEDYFXXXXXXXXXXXX,0
CAGAGSQGNLIFXXXXXXXXXXXXXCASSSRSSYEEYFXXXXXXXXXXXX,0
CAGAGSQGNLIFXXXXXXXXXXXXXCASSSRSSYEFYFXXXXXXXXXXXX,0
CAGAGSQGNLIFXXXXXXXXXXXXXCASSSRSSYEGYFXXXXXXXXXXXX,0
CAGAGSQGNLIFXXXXXXXXXXXXXCASSSRSSYEHYFXXXXXXXXXXXX,0
CAGAGSQGNLIFXXXXXXXXXXXXXCASSSRSSYEIYFXXXXXXXXXXXX,0
CAGAGSQGNLIFXXXXXXXXXXXXXCASSSRSSYEKYFXXXXXXXXXXXX,0
CAGAGSQGNLIFXXXXXXXXXXXXXCASSSRSSYELYFXXXXXXXXXXXX,0
CAGAGSQGNLIFXXXXXXXXXXXXXCASSSRSSYEMYFXXXXXXXXXXXX,0
CAGAGSQGNLIFXXXXXXXXXXXXXCASSSRSSYENYFXXXXXXXXXXXX,0
CAGAGSQGNLIFXXXXXXXXXXXXXCASSSRSSYEPYFXXXXXXXXXXXX,0
CAGAGSQGNLIFXXXXXXXXXXXXXCASSSRSSYEQYFXXXXXXXXXXXX,1
CAGAGSQGNLIFXXXXXXXXXXXXXCASSSRSSYERYFXXXXXXXXXXXX,0
CAGAGSQGNLIFXXXXXXXXXXXXXCASSSRSSYESYFXXXXXXXXXXXX,0
CAGAGSQGNLIFXXXXXXXXXXXXXCASSSRSSYETYFXXXXXXXXXXXX,0
CAGAGSQGNLIFXXXXXXXXXXXXXCASSSRSSYEVYFXXXXXXXXXXXX,0
CAGAGSQGNLIFXXXXXXXXXXXXXCASSSRSSYEWYFXXXXXXXXXXXX,0
CAGAGSQGNLIFXXXXXXXXXXXXXCASSSRSSYEYYFXXXXXXXXXXXX,0
CAGAGSQGNLIFXXXXXXXXXXXXXCASSSRSSYEQAFXXXXXXXXXXXX,0
CAGAGSQGNLIFXXXXXXXXXXXXXCASSSRSSYEQCFXXXXXXXXXXXX,0
CAGAGSQGNLIFXXXXXXXXXXXXXCASSSRSSYEQDFXXXXXXXXXXXX,0
CAGAGSQGNLIFXXXXXXXXXXXXXCASSSRSSYEQEFXXXXXXXXXXXX,0
CAGAGSQGNLIFXXXXXXXXXXXXXCASSSRSSYEQFFXXXXXXXXXXXX,1
CAGAGSQGNLIFXXXXXXXXXXXXXCASSSRSSYEQGFXXXXXXXXXXXX,0
CAGAGSQGNLIFXXXXXXXXXXXXXCASSSRSSYEQHFXXXXXXXXXXXX,0
CAGAGSQGNLIFXXXXXXXXXXXXXCASSSRSSYEQIFXXXXXXXXXXXX,0
CAGAGSQGNLIFXXXXXXXXXXXXXCASSSRSSYEQKFXXXXXXXXXXXX,1
CAGAGSQGNLIFXXXXXXXXXXXXXCASSSRSSYEQLFXXXXXXXXXXXX,0
CAGAGSQGNLIFXXXXXXXXXXXXXCASSSRSSYEQMFXXXXXXXXXXXX,0
CAGAGSQGNLIFXXXXXXXXXXXXXCASSSRSSYEQNFXXXXXXXXXXXX,1
CAGAGSQGNLIFXXXXXXXXXXXXXCASSSRSSYEQPFXXXXXXXXXXXX,0
CAGAGSQGNLIFXXXXXXXXXXXXXCASSSRSSYEQQFXXXXXXXXXXXX,0
CAGAGSQGNLIFXXXXXXXXXXXXXCASSSRSSYEQRFXXXXXXXXXXXX,0
CAGAGSQGNLIFXXXXXXXXXXXXXCASSSRSSYEQSFXXXXXXXXXXXX,0
CAGAGSQGNLIFXXXXXXXXXXXXXCASSSRSSYEQTFXXXXXXXXXXXX,0
CAGAGSQGNLIFXXXXXXXXXXXXXCASSSRSSYEQVFXXXXXXXXXXXX,0
CAGAGSQGNLIFXXXXXXXXXXXXXCASSSRSSYEQWFXXXXXXXXXXXX,0
CAGAGSQGNLIFXXXXXXXXXXXXXCASSSRSSYEQYFXXXXXXXXXXXX,1
